1. According to the shared responsibility mode, which security and compliance task is AWS responsible for?	A. Granting permissions to users and services	B. Updating Amazon EC2 host firmware	C. Encrypting data at rest	D. Updating operating systems	B	
2. A company has a global user base and needs to deploy AWS services that can decrease network latency for their users. Which services may assist? (Select TWO.)	A. Amazon CloudFront	B. Amazon VPC	C. Application Auto Scaling	D. AWS Direct Connect	E. AWS Global Accelerator	AE
3. What can be used to allow an application running on an Amazon EC2 instance to securely store data in an Amazon S3 bucket without using long-term credentials?	A. AWS Systems Manager	B. Amazon Connect	C. AWS IAM role	D. AWS IAM access key	C	
4. Which AWS service does AWS Snowball Edge natively support?	A. AWS Server Migration Service (AWS SMS)	B. AWS Database Migration Service (AWS DMS)	C. AWS Trusted Advisor	D. Amazon EC2	D	
5. AWS are able to continue to reduce their pricing due to:	A. Pay-as-you go pricing	B. The AWS global infrastructure	C. Economies of scale	D. Reserved instance pricing	C	
6. According to the AWS shared responsibility model, which task is the customer's responsibility?	A. Maintaining the infrastructure needed to run Amazon DynamoDB.	B. Updating the operating system of AWS Lambda instances.	C. Maintaining Amazon API Gateway infrastructure.	D. Updating the guest operating system on Amazon EC2 instances.	D	
7. A Cloud Practitioner noticed that IP addresses that are owned by AWS are being used to attempt to flood ports on some of the company’s systems. To whom should the issue be reported?	A. AWS Professional Services	B. AWS Partner Network (APN)	C. AWS Trust & Safety team	D. AWS Technical Account Manager (TAM)	C	
8. Which on-premises costs must be included in a Total Cost of Ownership (TCO) calculation when comparing against the AWS Cloud? (Select TWO.) © 2024 Digital Cloud Training 70	A. Physical compute hardware	B. Operating system administration	C. Network infrastructure in the data center	D. Project management services	E. Database schema development	AC
9. Which of the following can be used to identify a specific user who terminated an Amazon RDS DB instance?	A. AWS CloudTrail	B. Amazon Inspector	C. Amazon CloudWatch	D. AWS Trusted Advisor	A	
10. Which AWS service can be used to perform data extract, transform, and load (ETL) operations so you can prepare data for analytics?	A. Amazon QuickSight	B. AWS Glue	C. Amazon Athena	D. Amazon S3 Select	B	
11. Which of the following tasks can a user perform to optimize Amazon EC2 costs? (Select TWO.)	A. Implement Auto Scaling groups to add and remove instances based on demand.	B. Create a policy to restrict IAM users from accessing the Amazon EC2 console.	C. Set a budget to limit spending on Amazon EC2 instances using AWS Budgets.	D. Purchase Amazon EC2 Reserved Instances.	E. Create users in a single Region to reduce the spread of EC2 instances globally.	AD
12. According to the shared responsibility model, which security-related task is the responsibility of the customer?	A. Maintaining server-side encryption.	B. Securing servers and racks at AWS data centers.	C. Maintaining firewall configurations at a hardware level.	D. Maintaining physical networking configuration.	A	
13. A company plan to move the application development to AWS. Which benefits can they achieve when developing and running applications in the AWS Cloud compared to on-premises? (Select TWO.)	A. AWS automatically replicates all data globally.	B. AWS will fully manage the entire application.	C. AWS makes it easy to implement high availability.	D. AWS can accommodate large changes in application demand.	E. AWS takes care of application security patching.	CD
14. Which AWS services offer compute capabilities? (Select TWO.)	A. Amazon DynamoDB	B. Amazon ECS	C. Amazon EFS	D. Amazon CloudHSM	E. AWS Lambda	BE
15. A cloud practitioner needs to migrate a 70 TB of data from an on-premises data center into the AWS Cloud. The company has a slow and unreliable internet connection. Which AWS service can the cloud practitioner leverage to transfer the data?	A. Amazon S3 Glacier	B. AWS Snowball	C. AWS Storage Gateway	D. AWS DataSync	B	
16. Which AWS service is a fully-managed source control service that hosts secure Git-based repositories?	A. AWS CodeBuild	B. AWS CodeDeploy	C. AWS CodeCommit	D. AWS CodePipeline	C	
17. A Cloud Practitioner is re-architecting a monolithic application. Which design principles for cloud architecture do AWS recommend? (Select TWO.)	A. Implement manual scalability.	B. Implement loose coupling.	C. Use self-managed servers.	D. Rely on individual components.	E. Design for scalability.	BE
18. Which of the following a valid best practices for using the AWS Identity and Access Management (IAM) service? (Select TWO.)	A. Embed access keys in application code.	B. Create individual IAM users.	C. Use inline policies instead of customer managed policies.	D. Use groups to assign permissions to IAM users.	E. Grant maximum privileges to IAM users.	BD
19. Which benefit of AWS enables companies to replace upfront fixed expenses with variable expenses when using on-demand technology services?	A. Pay-as-you-go pricing	B. Economies of scale	C. Global reach	D. High availability	A	
20. A Service Control Policy (SCP) is used to manage the maximum available permissions and is associated with which of the following? Service control policies (SCPs) manage permissions for which of the following?	A. AWS Global Infrastructure	B. AWS Regions	C. AWS Organizations	D. Availability Zones	C	
21. What should a Cloud Practitioner ensure when designing a highly available architecture on AWS?	A. Servers have low-latency and high throughput network connectivity.	B. The failure of a single component should not affect the application.	C. There are enough servers to run at peak load available at all times.	D. A single monolithic application component handles all operations.	B	
22. Which technology can automatically adjust compute capacity as demand for an application increases or decreases?	A. Load balancing	B. Auto Scaling	C. Fault tolerance	D. High availability	B	
23. Which of the following is an advantage for a company running workloads in the AWS Cloud vs on-premises? (Select TWO.)	A. Less staff time is required to launch new workloads.	B. Increased time to market for new application features.	C. Higher acquisition costs to support elastic workloads.	D. Lower overall utilization of server and storage systems.	E. Increased productivity for application development teams.	AE
24. Which cloud architecture design principle is supported by deploying workloads across multiple Availability Zones?	A. Automate infrastructure.	B. Design for agility.	C. Enable elasticity.	D. Design for failure.	D	
25. A company requires a dashboard for reporting when using a business intelligence solution. Which AWS service can a Cloud Practitioner use?	A. Amazon Redshift	B. Amazon Kinesis	C. Amazon Athena	D. Amazon QuickSight	D	
26. A Cloud Practitioner wants to configure the AWS CLI for programmatic access to AWS services. Which credential components are required? (Select TWO.)	A. An access key ID	B. A public key	C. A secret access key	D. An IAM Role	E. A private key	AC
27. Which service can a Cloud Practitioner use to configure custom cost and usage limits and enable alerts for when defined thresholds are exceeded?	A. Consolidated billing	B. AWS Trusted Advisor	C. Cost Explorer	D. AWS Budgets	D	
28. What is the function of Amazon EC2 Auto Scaling?	A. Scales the size of EC2 instances up or down automatically, based on demand.	B. Automatically updates the EC2 pricing model, based on demand.	C. Scales the number of EC2 instances in or out automatically, based on demand.	D. Automatically modifies the network throughput of EC2 instances, based on demand.	C	
29. Which AWS service should a Cloud Practitioner use to establish a secure network connection between an on-premises network and AWS?	A. AWS Mobile Hub	B. AWS Web Application Firewall (WAF)	C. Amazon Virtual Private Cloud (VPC)	D. Virtual Private Network	D	
30. Which AWS-managed service can be used to process vast amounts of data using a hosted Hadoop framework?	A. Amazon DynamoDB	B. Amazon Athena	C. Amazon EMR	D. Amazon Redshift	C	
31. Which Amazon EC2 pricing model should be avoided if a workload cannot accept interruption if capacity becomes temporarily unavailable?	A. Spot Instances	B. On-Demand Instances	C. Standard Reserved Instances	D. Convertible Reserved Instances	A	
32. A Cloud Practitioner requires a simple method to identify if unrestricted access to resources has been allowed by security groups. Which service can the Cloud Practitioner use?	A. AWS Trusted Advisor	B. Amazon CloudWatch	C. VPC Flow Logs	E. AWS CloudTrail	A	
33. An eCommerce company plans to use the AWS Cloud to quickly deliver new functionality in an iterative manner, minimizing the time to market. Which feature of the AWS Cloud provides this functionality?	A. Elasticity	B. Agility	C. Fault tolerance	D. Cost effectiveness	B	
34. What can a Cloud Practitioner do with the AWS Cost Management tools? (Select TWO.)	A. Visualize AWS costs by day, service, and linked AWS account.	B. Terminate EC2 instances automatically if budget thresholds are exceeded.	C. Automatically modify EC2 instances to use Spot pricing to reduce costs.	D. Create budgets and receive notifications if current or forecasted usage exceeds the budgets.	E. Archive data to Amazon Glacier if it is not accessed for a configured period of time.	AD
35. Which AWS dashboard displays relevant and timely information to help users manage events in progress, and provides proactive notifications to help plan for scheduled activities?	A. AWS Service Health Dashboard	B. AWS Personal Health Dashboard	C. AWS Trusted Advisor dashboard	D. Amazon CloudWatch dashboard	B	
36. Which AWS service should a Cloud Practitioner use to automate conﬁguration management using Puppet?	A. AWS Conﬁg	B. AWS OpsWorks	C. AWS CloudFormation	D. AWS Systems Manager	B	
37. Which AWS service is used to send both text and email messages from distributed applications?	A. Amazon Simple Notiﬁcation Service (Amazon SNS)	B. Amazon Simple Email Service (Amazon SES)	C. Amazon Simple Workflow Service (Amazon SWF)	D. Amazon Simple Queue Service (Amazon SQS)	A	
38. Which AWS service or feature allows a company to receive a single monthly AWS bill when using multiple AWS accounts?	A. Consolidated billing	B. Amazon Cloud Directory	C. AWS Cost Explorer	D. AWS Cost and Usage report	A	
39. A user needs an automated security assessment report that will identify unintended network access to Amazon EC2 instances and vulnerabilities on those instances. Which AWS service will provide this assessment report?	A. EC2 security groups	B. AWS Conﬁg	C. Amazon Macie	D. Amazon Inspector 	D	
40. Which of the following best describes an Availability Zone in the AWS Cloud?	A. One or more physical data centers	B. A completely isolated geographic location	C. One or more edge locations based around the world	D. A subnet for deploying resources into	A	
41. A company needs a consistent and dedicated connection between AWS resources and an on-premise system. Which AWS service can fulﬁl this requirement?	A. AWS Direct Connect	B. AWS Managed VPN	C. Amazon Connect	D. AWS DataSync	A	
42. Which AWS service helps customers meet corporate, contractual, and regulatory compliance requirements for data security by using dedicated hardware appliances within the AWS Cloud?	A. AWS Secrets Manager	B. AWS CloudHSM	C. AWS Key Management Service (AWS KMS)	D. AWS Directory Service	B	
43. What can a Cloud Practitioner use the AWS Total Cost of Ownership (TCO) Calculator for?	A. Generate reports that break down AWS Cloud compute costs by duration, resource, or tags	B. Estimate savings when comparing the AWS Cloud to an on-premises environment	C. Estimate a monthly bill for the AWS Cloud resources that will be used	D. Enable billing alerts to monitor actual AWS costs compared to estimated costs	B	
44. Which of the following should be used to improve the security of access to the AWS Management Console? (Select TWO.)	A. AWS Secrets Manager	B. AWS Certiﬁcate Manager	C. AWS Multi-Factor Authentication (AWS MFA)	D. Security group rules	E. Strong password policies	CE
45. An application has highly dynamic usage patterns. Which characteristics of the AWS Cloud make it cost-effective for this type of workload? (Select TWO.)	A. High availability	B. Strict security	C. Elasticity	D. Pay-as-you-go pricing	E. Reliability	CD
46. Which benefits can a company immediately realize using the AWS Cloud? (Select TWO.)	A. Variable expenses are replaced with capital expenses	B. Capital expenses are replaced with variable expenses	C. User control of physical infrastructure	D. Increased agility	E. No responsibility for security	BD
47. Which AWS hybrid storage service enables a user’s on-premises applications to seamlessly use AWS Cloud storage?	A. AWS Backup	B. Amazon Connect	C. AWS Direct Connect	D. AWS Storage Gateway	D	
48. A user has limited knowledge of AWS services, but wants to quickly deploy a scalable Node.js application in an Amazon VPC. Which service should be used to deploy the application?	A. AWS CloudFormation	B. AWS Elastic Beanstalk	C. Amazon EC2	D. Amazon LightSail	B	
49. How can a security compliance officer retrieve AWS compliance documentation such as a SOC 2 report?	A. Using AWS Artifact	B. Using AWS Trusted Advisor	C. Using AWS Inspector	D. Using the AWS Personal Health Dashboard	A	
50. Which AWS service can be used to run Docker containers?	A. AWS Lambda	B. Amazon ECR	C. Amazon ECS	D. Amazon AMI	C	
51. What are the benefits of using the AWS Managed Services? (Select TWO.)	A. Alignment with ITIL processes	B. Managed applications so you can focus on infrastructure	C. Baseline integration with ITSM tools	D. Designed for small businesses	E. Support for all AWS services	AC
52. Which services are involved with security? (Select TWO.)	A. AWS CloudHSM	B. AWS DMS	C. AWS KMS	D. AWS SMS	E. Amazon ELB	AC
53. What are the names of two types of AWS Storage Gateway? (Select TWO.)	A. S3 Gateway	B. File Gateway	C. Block Gateway	D. Tape Gateway	E. Cached Gateway	BD
54. An application stores images which will be retrieved infrequently, but must be available for retrieval immediately. Which is the most cost-effective storage option that meets these requirements?	A. Amazon Glacier with expedited retrievals	B. Amazon S3 Standard-Infrequent Access	C. Amazon EFS	D. Amazon S3 Standard	B	
55. Which AWS support plans provide support via email, chat and phone? (Select TWO.)	A. Basic	B. Developer	C. Business	D. Enterprise	E. Global	CD
56. Which AWS service can be used to host a static website?	A. Amazon S3	B. Amazon EBS	C. AWS CloudFormation	D. Amazon EFS	A	
57. Which of the following are AWS recommended best practices in relation to IAM? (Select TWO.)	A. Assign permissions to users	B. Create individual IAM users	C. Embed access keys in application code	D. Enable MFA for all users	E. Grant greatest privilege	BD
58. Which of the following security operations tasks must be performed by AWS customers? (Select TWO.)	A. Collecting syslog messages from physical firewalls	B. Issuing data center access keycards	C. Installing security updates on EC2 instances	D. Enabling multi-factor authentication (MFA) for privileged users	E. Installing security updates for server firmware	CD
59. How can an organization assess applications for vulnerabilities and deviations from best practice?	A. Use AWS Artifact	B. Use AWS Inspector	C. Use AWS Shield	D. Use AWS WAF	B	
60. Which AWS service protects against common exploits that could compromise application availability, compromise security or consume excessive resources?	A. AWS WAF	B. AWS Shield	C. Security Group	D. Network ACL	A	
61. A new user is unable to access any AWS services, what is the most likely explanation? © 2024 Digital Cloud Training 104	A. The user needs to login with a key pair	B. The services are currently unavailable	C. By default new users are created without access to any AWS services	D. The default limit for user logons has been reached	C	
62. Which of the following compliance programs allows the AWS environment to process, maintain, and store protected health information?	A. ISO 27001	B. PCI DSS	C. HIPAA	D. SOC 1	C	
63. Which AWS service can be used to load data from Amazon S3, transform it, and move it to another destination?	A. Amazon RedShift	B. Amazon EMR	C. Amazon Kinesis	D. AWS Glue	D	
64. How should an organization deploy an application running on multiple EC2 instances to ensure that a power failure does not cause an application outage?	A. Launch the EC2 instances in separate regions	B. Launch the EC2 instances into different VPCs	C. Launch the EC2 instances into different Availability Zones	D. Launch the EC2 instances into Edge Locations	C	
65. Which of the statements below is correct in relation to Consolidated Billing? (Select TWO.)	A. You receive one bill per AWS account	B. You receive a single bill for multiple accounts	C. You pay a fee per linked account	D. You can combine usage and share volume pricing discounts	E. You are charged a fee per user	BD
66. Amazon S3 is typically used for which of the following use cases? (Select TWO.)	A. Host a static website	B. Install an operating system	C. Media hosting	D. In-memory data cache	E. Message queue	AC
67. Which AWS service or feature can be used to restrict the individual API actions that users and roles in each member account can access?	A. Amazon Macie	B. AWS Organizations	C. AWS Shield	D. AWS IAM	B	
68. Which AWS service can be used to track the activity of users on AWS?	A. AWS CloudTrail	B. AWS Directory Service	C. Amazon Inspector	D. Amazon CloudWatch	A	
69. A company needs to optimize costs and resource usage through monitoring of operational health for all resources running on AWS. Which AWS service will meet these requirements?	A. AWS Control Tower	B. Amazon CloudWatch	C. AWS CloudTrail	D. AWS Config	B	
70. A user needs a quick way to determine if any Amazon EC2 instances have ports that allow unrestricted access. Which AWS service will support this requirement?	A. VPC Flow Logs	B. AWS Shield	C. AWS Trusted Advisor	D. AWS CloudWatch Logs	C	
71. A company has a website that delivers static content from an Amazon S3 bucket to users from around the world. Which AWS service will deliver the content with low latency?	A. AWS Lambda	B. Amazon CloudFront	C. AWS Elastic Beanstalk	D. AWS Global Accelerator	B	
72. Which AWS service or component allows inbound traffic from the internet to access a VPC?	A. NAT Gateway	B. Internet gateway	C. VPC Route Table	D. Virtual Private Gateway	B	
73. A company plans to connect their on-premises data center to the AWS Cloud and requires consistent bandwidth and performance. Which AWS service should the company choose?	A. AWS VPN	B. Amazon Connect	C. AWS Direct Connect	D. Amazon CloudFront	C	
74. A manager is planning to migrate applications to the AWS Cloud and needs to obtain AWS compliance reports. How can these reports be generated?	A. Download the reports from AWS Secrets Manager.	B. Contact the AWS Compliance team.	C. Create a support ticket with AWS Support.	D. Download the reports from AWS Artifact.	D	
75. A company has been using an AWS managed IAM policy for granting permissions to users but needs to add some permissions. How can this be achieved?	A. Create a rule in AWS WAF.	B. Create a custom IAM policy.	C. Edit the AWS managed policy.	D. Create a Service Control Policy.	B	
76. Which AWS service or feature can be used to capture information about inbound and outbound IP traffic on network interfaces in a VPC?	A. Internet gateway	B. AWS CloudTrail	C. VPC Endpoint	D. VPC Flow Logs	D	
77. Which AWS services can be used as infrastructure automation tools? (Select TWO.)	A. AWS CloudFormation	B. Amazon CloudFront	C. AWS Batch	D. AWS OpsWorks	E. Amazon QuickSight	AD
78. What technology enables compute capacity to adjust as loads change?	A. Load balancing	B. Automatic failover	C. Round robin	D. Auto Scaling	D	
79. How can a company separate costs for storage, Amazon EC2, Amazon S3, and other AWS services by department?	A. Add department-speciﬁc tags to each resource	B. Create a separate VPC for each department	C. Create a separate AWS account for each department	D. Use AWS Organizations	A	
80. Which AWS Support plan provides access to architectural and operational reviews, as well as 24/7 access to Cloud Support Engineers through email, online chat, and phone?	A. Basic	B. Business	C. Developer	D. Enterprise	D	
81. Under the AWS shared responsibility model, which of the following is an example of security in the AWS Cloud?	A. Managing edge locations	B. Physical security	C. Firewall conﬁguration	D. Global infrastructure	C	
82. Which AWS service provides on-demand downloads of AWS security and compliance reports?	A. AWS Directory Service	B. AWS Artifact	C. AWS Trusted Advisor	D. Amazon Inspector	B	
83. Which Amazon EC2 pricing model is the most cost-effective for an always-up, right-sized database server running a project that will last 1 year?	A. On-Demand Instances	B. Convertible Reserved Instances	C. Spot Instances	D. Standard Reserved Instances	D	
84. Which feature enables fast, easy, and secure transfers of files over long distances between a client and an Amazon S3 bucket?	A. S3 Static Websites	B. S3 Copy	C. Multipart Upload	D. S3 Transfer Acceleration	D	
85. Under the AWS shared responsibility model what is AWS responsible for? (Select TWO.)	A. Physical security of the data center	B. Replacement and disposal of disk drives	C. Configuration of security groups	D. Patch management of operating systems	E. Encryption of customer data	AB
86. Which AWS service is known as a “serverless” service and runs code as functions triggered by events?	A. Amazon ECS	B. AWS Lambda	C. Amazon CodeDeploy	D. Amazon Cognito	B	
87. Which statement best describes Amazon Route 53?	A. Amazon Route 53 is a service that enables routing within VPCs in an account	B. Amazon Route 53 is a highly available and scalable Domain Name System (DNS) service	C. Amazon Route 53 enables hybrid cloud models by extending an organization's on-premise networks into the AWS cloud	D. Amazon Route 53 is a service for distributing incoming connections between a fleet of registered EC2 instances	B	
88. Which service provides a way to convert video and audio files from their source format into versions that will playback on devices like smartphones, tablets and PCs?	A. Amazon Elastic Transcoder	B. AWS Glue	C. Amazon Rekognition	D. Amazon Comprehend	A	
89. When using AWS Organizations with consolidated billing what are two valid best practices? (Select TWO.)	A. Always enable multi-factor authentication (MFA) on the root account	B. Always use a straightforward password on the root account	C. The paying account should be used for billing purposes only	D. Use the paying account for deploying resources	E. Never exceed the limit of 20 linked accounts	AC
90. Which AWS support plan comes with a Technical Account Manager (TAM)?	A. Basic	B. Developer	C. Business	D. Enterprise	D	
91. Which service provides the ability to simply upload applications and have AWS handle the deployment details of capacity provisioning, load balancing, auto-scaling, and application health monitoring?	A. Amazon EC2	B. AWS Elastic Beanstalk	C. Amazon EC2 Auto Scaling	D. AWS OpsWorks	B	
92. You are concerned that you may be getting close to some of the default service limits for several AWS services. What AWS tool  133 © 2024 Digital Cloud Training can be used to display current usage and limits?	A. AWS CloudWatch	B. AWS Personal Health Dashboard	C. AWS Trusted Advisor	D. AWS Systems Manager	C	
93. You need to run a production process that will use several EC2 instances and run constantly on an ongoing basis. The process cannot be interrupted or restarted without issue. What EC2 pricing model would be best for this workload?	A. Reserved instances	B. Spot instances	C. On-demand instances	D. Flexible instances	A	
94. Which AWS service does API Gateway integrate with to enable users from around the world to achieve the lowest possible latency for API requests and responses?	A. AWS Direct Connect	B. Amazon S3 Transfer Acceleration	C. Amazon CloudFront	D. AWS Lambda	C	
95. Which service can an organization use to track API activity within their account?	A. AWS CloudTrail	B. Amazon CloudWatch	C. AWS IAM	D. AWS CloudHSM	A	
96. What tool provides real time guidance to help you provision your resources following best practices in the areas of cost optimization, performance, security and fault tolerance?	A. AWS Inspector	B. AWS Trusted Advisor	C. AWS Personal Health Dashboard	D. AWS IAM	B	
97. What is the best way for an organization to transfer hundreds of terabytes of data from their on-premise data center into Amazon S3 with limited bandwidth available?	A. Use S3 Transfer Acceleration	B. Apply compression before uploading	C. Use AWS Snowball	D. Use Amazon CloudFront	C	
98. Which database allows you to scale at the push of a button without incurring any downtime?	A. Amazon RDS	B. Amazon EMR	C. Amazon DynamoDB	D. Amazon RedShift	C	
99. What are the charges for using Amazon Glacier? (Select TWO.)	A. Data transferred into Glacier	B. Retrieval requests	C. Data storage	D. Enhanced networking	E. Number of Availability Zones	BC
100. Which of the following statements are correct about the benefits of AWS Direct Connect? (Select TWO.)	A. Quick to implement	B. Increased reliability (predictable performance)	C. Lower cost than a VPN	D. Increased bandwidth (predictable bandwidth)	E. Uses redundant paths across the Internet	BD
101. Which AWS service lets you use Chef and Puppet to automate how servers are configured, deployed, and managed across your Amazon EC2 instances or on-premises compute environments?	A. AWS Elastic Beanstalk	B. AWS CloudFormation	C. AWS Systems Manager	D. AWS OpsWorks	D	
102. Which AWS database service provides a fully managed data warehouse that can be analyzed using SQL tools and business intelligence tools?	A. Amazon RDS	B. Amazon DynamoDB	C. Amazon RedShift	D. Amazon ElastiCache	C	
103. Which service can be used to create sophisticated, interactive graph applications?	A. Amazon RedShift	B. Amazon Neptune	C. AWS X-Ray	D. Amazon Athena	B	
104. When using Amazon IAM, what authentication methods are available to use? (Select TWO.)	A. Client certificates	B. Access keys	C. AWS KMS	D. Server certificates	E. AES 256	BD
105. How does the consolidated billing feature of AWS Organizations treat Reserved Instances that were purchased by another account in the organization?	A. All accounts in the organization are treated as one account so any account can receive the hourly cost benefit	B. Only the master account can benefit from the hourly cost benefit of the reserved instances	C. All accounts in the organization are treated as one account for volume discounts but not for reserved instances	D. AWS Organizations does not support any volume or reserved instance benefits across accounts, it is just a method of aggregating bills	A	
106. Which of the below AWS services supports automated backups as a default configuration?	A. Amazon S3	B. Amazon RDS	C. Amazon EC2	D. Amazon EBS	B	
107. What are the advantages of Availability Zones? (Select TWO.)	A. They allow regional disaster recovery	B. They provide fault isolation	C. They enable the caching of data for faster delivery to end users	D. They are connected by low-latency network connections	E. They enable you to connect your on-premises networks to AWS to form a hybrid cloud	BD
108. Which of the options below are recommendations in the cost optimization pillar of the well-architected framework? (Select TWO.)	A. Adopt a consumption model	B. Adopt a capital expenditure model	C. Start spending money on data center operations	D. Analyze and attribute expenditure	E. Manage your services independently	AD
109. What are Edge locations used for?	A. They are used for terminating VPN connections	B. They are used by CloudFront for caching content	C. They are the public-facing APIs for Amazon S3	D. They are used by regions for inter-region connectivity	B	
110. To ensure the security of your AWS account, what are two AWS best practices for managing access keys? (Select TWO.)	A. Don’t create any access keys, use IAM roles instead	B. Don’t generate an access key for the root account user	C. Where possible, use IAM roles with temporary security credentials	D. Rotate access keys daily	E. Use MFA for access keys	BC
111. An Amazon EC2 instance running the Amazon Linux 2 AMI is billed in what increment?	A. Per second	B. Per hour	C. Per CPU	D. Per GB	A	
112. To gain greater discounts, which services can be reserved? (Select TWO.)	A. Amazon RedShift	B. Amazon S3	C. AWS Lambda	D. Amazon DynamoDB	E. Amazon CloudWatch	AD
113. Which service allows an organization to view operational data from multiple AWS services through a unified user interface and automate operational tasks?	A. AWS Config	B. AWS OpsWorks	C. AWS Systems Manager	D. Amazon CloudWatch	C	
114. How can an organization track resource inventory and configuration history for the purpose of security and regulatory compliance?	A. Configure AWS Config with the resource types	B. Create an Amazon CloudTrail trail	C. Implement Amazon GuardDuty	D. Run a report with AWS Artifact	A	
115. A security operations engineer needs to implement threat detection and monitoring for malicious or unauthorized behavior. Which service should be used?	A. AWS Shield	B. AWS KMS	C. AWS CloudHSM	D. AWS GuardDuty	D	
116. Which authentication method is used to authenticate programmatic calls to AWS services?	A. Console password	B. Server certificate	C. Key pair	D. Access keys	D	
117. What is a benefit of moving an on-premises database to Amazon Relational Database Service (RDS)?  147 © 2024 Digital Cloud Training	A. There is no need to manage operating systems	B. You can scale vertically without downtime	C. There is no database administration required	D. You can run any database engine	A	
118. What are the benefits of using Amazon Rekognition with image files?	A. Can be used to resize images	B. Can be used to identify objects in an image	C. Can be used to transcode audio	D. Can help with image compression	B	
119. Which IAM entity is associated with an access key ID and secret access key?	A. IAM Group	B. IAM Role	C. IAM Policy	D. IAM User	D	
120. Which IAM entity can be used for assigning permissions to multiple users?	A. IAM User	B. IAM Group	C. IAM Role	D. IAM password policy	B	
121. Which service can be used to cost-effectively move exabytes of data into AWS?	A. AWS Snowmobile	B. AWS Snowball	C. S3 Transfer Acceleration	D. S3 Cross-Region Replication (CRR)	A	
122. Which AWS services are associated with Edge Locations? (Select TWO.)	A. Amazon CloudFront	B. AWS Direct Connect	C. AWS Shield	D. Amazon EBS	E. AWS Config	AC
123. Which service can be used to easily create multiple accounts?	A. AWS IAM	B. AWS CloudFormation	C. AWS Organizations	D. Amazon Connect	C	
124. What is a specific benefit of an Enterprise Support plan?	A. Included Technical Support Manager	B. Included AWS Solutions Architect	C. Included Cloud Support Associate	D. Included Technical Account Manager	D	
125. You have been running an on-demand Amazon EC2 instance running Linux for 4hrs, 5 minutes and 6 seconds. How much time will you be billed for?	A. 5hrs	B. 4hrs, 6mins	C. 4hrs, 5mins, and 6 seconds	D. 4hrs	C	
126. Which of the below is an example of an architectural benefit of moving to the cloud?	A. Elasticity	B. Monolithic services	C. Proprietary hardware	D. Vertical scalability	A	
127. What are the benefits of using reserved instances? (Select TWO.)	A. Reduced cost	B. More flexibility	C. Reserve capacity	D. Uses dedicated hardware	E. High availability	AC
128. Which AWS tools can be used for automation? (Select TWO.)	A. AWS Elastic Beanstalk	B. Elastic Load Balancing	C. AWS CloudFormation	D. Amazon Elastic File System (EFS)	E. AWS Lambda	AC
129. Which IAM entity can be used for assigning permissions to AWS services?	A. IAM Access Key ID and Secret Access Key	B. IAM Policy	C. IAM Role	D. Security Token Service (STS)	C	
130. How does Amazon EC2 Auto Scaling help with resiliency?	A. By distributing connections to EC2 instances	B. By launching and terminating instances as needed	C. By changing instance types to increase capacity	D. By automating the failover of applications	B	
131. Your CTO wants to move to cloud. What cost advantages are there to moving to cloud?	A. You provision only what you need and adjust to peak load	B. You can reduce your marketing costs	C. You don’t need to pay for application licensing	D. You get free data transfer into and out of the cloud	A	
132. Which AWS service should be used to create a billing alarm?	A. AWS Trusted Advisor	B. AWS CloudTrail	C. Amazon CloudWatch	D. Amazon QuickSight	C	
133. How can consolidated billing within AWS Organizations help lower overall monthly expenses?	A. By providing a consolidated view of monthly billing across multiple accounts	B. By pooling usage across multiple accounts to achieve a pricing tier discount	C. By automating the creation of new accounts through APls	D. By leveraging service control policies (SCP) for centralized service management	B	
134. Which Amazon EC2 pricing model should be used to comply with per-core software license requirements?	A. Dedicated Hosts	B. On-Demand Instances	C. Spot Instances	D. Reserved Instances	A	
135. Which of the following are advantages of the AWS Cloud? (Select TWO.)	A. AWS manages the maintenance of the cloud infrastructure	B. AWS manages the security of applications built on AWS	C. AWS manages capacity planning for physical servers	D. AWS manages the development of applications on AWS	E. AWS manages cost planning for virtual servers	AC
136. The ability to horizontally scale Amazon EC2 instances based on demand is an example of which concept?	A. Economy of scale	B. Elasticity	C. High availability	D. Agility	B	
137. Which AWS service provides a quick and automated way to create and manage AWS accounts?	A. AWS QuickSight	B. Amazon LightSail	C. AWS Organizations	D. Amazon Connect	C	
138. Which tool can be used to create alerts when the actual or forecasted cost of AWS services exceed a certain threshold?	A. AWS Cost Explorer	B. AWS Budgets	C. AWS Cost and Usage report	D. AWS CloudTrail	B	
139. A user has an AWS account with a Business-level AWS Support plan and needs assistance with handling a production service disruption. Which action should the user take?	A. Contact the dedicated Technical Account Manager	B. Contact the dedicated AWS Concierge Support team	C. Open a business-critical system down support case	D. Open a production system down support case	D	
140. Which type of AWS Storage Gateway can be used to backup data with popular backup software?	A. File Gateway	B. Volume Gateway	C. Gateway Virtual Tape Library	D. Backup Gateway	C	
141. You would like to collect custom metrics from a production application every 1 minute. What type of monitoring should you use?	A. CloudWatch with detailed monitoring	B. CloudTrail with basic monitoring	C. CloudWatch with basic monitoring	D. CloudTrail with detailed monitoring	A	
142. What billing timeframes are available for Amazon EC2 on-demand instances? (Select TWO.)	A. Per week	B. Per day	C. Per hour	D. Per minute	E. Per second	CE
143. Which Amazon EC2 pricing option provides significant discounts for fixed term contracts?	A. Reserved Instances	B. Spot Instances	C. Dedicated Instances	D. Dedicated Hosts	A	
144. When using Amazon RDS databases, which items are you charged for? (Select TWO.)	A. Inbound data transfer	B. Multi AZ	C. Single AZ	D. Backup up to the DB size	E. Outbound data transfer	BE
145. How are AWS Lambda functions triggered? © 2024 Digital Cloud Training 172	A. Events	B. Schedules	C. Metrics	D. Counters	A	
146. Which tool can be used to provide real time guidance on provisioning resources following AWS best practices?	A. AWS Trusted Advisor	B. AWS Simple Monthly Calculator	C. AWS Inspector	D. AWS Personal Health Dashboard	A	
147. When performing a total cost of ownership (TCO) analysis between on-premises and the AWS Cloud, which factors are only relevant to on-premises deployments? (Select TWO.)	A. Hardware procurement teams	B. Operating system licensing	C. Facility operations costs	D. Database administration	E. Application licensing	AC
148. How does “elasticity” benefit an application design?	A. By reducing interdependencies between application components	B. By automatically scaling resources based on demand	C. By selecting the correct storage tier for your workload	D. By reserving capacity to reduce cost	B	
149. What is the benefit of using fully managed services compared to deploying 3rd party software on EC2?	A. You don’t need to back-up your data	B. Improved security	C. Reduced operational overhead	D. You have greater control and flexibility	C	
150. What are the fundamental charges for an Amazon EC2 instance? (Select TWO.)	A. Basic monitoring	B. Data storage	C. Server uptime	D. AMI	E. Private IP address	BC
151. Which AWS service uses a highly secure hardware storage device to store encryption keys?	A. AWS CloudHSM	B. AWS IAM	C. Amazon Cloud Directory	D. AWS WAF	A	
152. Which type of security control can be used to deny network access from a specific IP address?	A. AWS Shield	B. AWS WAF	C. Network ACL	D. Security Group	C	
153. Which service can be used to manage configuration versions?	A. AWS Service Catalog	B. AWS Artifact	C. Amazon Inspector	D. AWS Config	D	
154. Which aspects of security on AWS are customer responsibilities? (Select TWO.)	A. Setting up account password policies	B. Physical access controls	C. Server-side encryption	D. Patching of storage systems	E. Availability of AWS regions	AC
155. Which of the following are architectural best practices for the AWS Cloud? (Select TWO.)	A. Deploy into multiple Availability Zones	B. Deploy into a single availability zone	C. Close coupling	D. Design for fault tolerance	E. Create monolithic architectures	AD
156. To reduce the price of your Amazon EC2 instances, which term lengths are available for reserved instances? (Select TWO.)	A. 4 years	B. 1 year	C. 5 years	D. 2 years	E. 3 years	BE
157. What are the fundamental charges for Elastic Block Store (EBS) volumes? (Select TWO.)	A. The amount of data storage provisioned	B. The amount of data storage consumed	C. Number of snapshots	D. Provisioned IOPS	E. Inbound data transfer	AD
158. What is the most cost-effective Amazon S3 storage tier for data that is not often accessed but requires high availability?	A. Amazon S3 Standard-IA	B. Amazon S3 Standard	C. Amazon S3 One Zone-IA	D. Amazon Glacier	A	
159. What is the main benefit of the principle of “loose coupling”?	A. Reduce operational complexity	B. Reduce interdependencies so a failure in one component does not cascade to other components	C. Automate the deployment of infrastructure using code	D. Enables applications to scale automatically based on current demand	B	
160. Which Amazon EC2 billing option gives you low cost, maximum flexibility, no upfront costs or commitment, and you only pay for what you use?	A. Dedicated Host	B. Spot Instances	C. Reserved Instances	D. On-Demand Instances	D	
161. Where can resources be launched when configuring Amazon EC2 Auto Scaling?	A. A single subnet	B. Multiple AZs within a region	C. Multiple AZs and multiple regions	D. Multiple VPCs	B	
162. Which service can be used to improve performance for users around the world?	A. AWS LightSail	B. Amazon CloudFront	C. Amazon Connect	D. Amazon ElastiCache	B	
163. Which of the below are components that can be configured in the VPC section of the AWS management console? (Select TWO.)	A. EBS volumes	B. Subnet	C. Endpoints	D. DNS records	E. Elastic Load Balancer	
164. Which of the following is a benefit of moving to the AWS Cloud?	A. Outsource all IT operations	B. Pay for what you use	C. Capital purchases	D. Long term commitments		
165. In addition to DNS services, what other services does Amazon Route 53 provide? (Select TWO.)	A. DHCP	B. Caching	C. Domain registration	D. IP Routing	E. Traffic flow	CE
166. What can be assigned to an IAM user? (Select TWO.)	A. An access key ID and secret access key	B. An SSL/TLS certificate	C. A key pair	D. A password for logging into Linux	E. A password for access to the management console	AE
167. The AWS acceptable use policy for penetration testing allows?	A. Customers to carry out security assessments or penetration tests against their AWS infrastructure without prior approval for selected services	B. Customers to carry out security assessments or penetration tests against their AWS infrastructure after obtaining authorization from AWS	C. AWS to perform penetration testing against customer resources without notification	D. Authorized security assessors to perform penetration tests against any AWS customer without authorization	A	
168. Which type of connection should be used to connect an on-premises data center with the AWS cloud that is high speed, low latency and does not use the Internet?	A. Direct Connect	B. VPC Endpoints	C. AWS Managed VPN	D. Client VPN	A	
169. Which of the advantages of cloud listed below is most closely addressed by the capabilities of AWS Auto Scaling?  185 © 2024 Digital Cloud Training	A. Benefit from massive economies of scale	B. Stop guessing about capacity	C. Stop spending money running and maintaining data centers	D. Go global in minutes	B	
170. Which statement is correct in relation to the AWS Shared Responsibility Model?	A. AWS are responsible for the security of regions and availability zones	B. Customers are responsible for patching storage systems	C. AWS are responsible for encrypting customer data	D. Customers are responsible for security of the cloud	A	
171. Which of the following is an advantage of cloud computing compared to deploying your own infrastructure on-premise?	A. Flexibility to choose your own hardware	B. Spend using a CAPEX model	C. Paying only for what you use	D. Ability to choose bespoke infrastructure configurations	C	
172. Which service can be added to a database to provide improved performance for some requests?	A. Amazon RedShift	B. Amazon EFS	C. Amazon ElastiCache	D. Amazon RDS	C	
173. Which service can be used to assign a policy to a group?	A. AWS IAM	B. Amazon Cognito	C. Amazon STS	D. AWS Shield	A	
174. Which AWS service lets you add user sign up, sign-in and access control to web and mobile apps?	A. AWS Artifact	B. Amazon Cognito	C. AWS CloudHSM	D. AWS Directory Service	B	
175. What is the difference between an EBS volume and an Instance store?	A. EBS volumes are object storage devices whereas Instance store volume are block based	B. Instance store volumes are ephemeral whereas EBS volumes are persistent storage	C. Instance store volumes can be used with all EC2 instance types whereas EBS cannot	D. EBS volumes are file-level storage devices whereas Instance store volumes are object-based	B	
176. What are two components of Amazon S3? (Select TWO.)	A. Buckets	B. Directories	C. Objects	D. Block devices	E. File systems	AC
177. Which of the below are good use cases for a specific Amazon EC2 pricing model? (Select TWO.)	A. Reserved instances for steady state predictable usage	B. On-demand for regulatory requirements that do not allow multi-tenant virtualization	C. On-demand for ad-hoc requirements that cannot be interrupted	D. Spot for consistent load over a long term	E. Reserved instances for applications with flexible start and end times	AC
178. Which of the following security related activities are AWS customers responsible for? (Select TWO.)	A. Secure disposal of faulty disk drives	B. Implementing data center access controls	C. Installing patches on network devices	D. Installing patches on Windows operating systems	E. Implementing IAM password policies	DE
179. An organization has an on-premises cloud and accesses their AWS Cloud over the Internet. How can they create a private hybrid cloud connection that avoids the internet?	A. AWS Direct Connect	B. AWS Managed VPN	C. AWS VPN CloudHub	D. AWS VPC Endpoint	A	
180. Which team is available to support AWS customers on an Enterprise support plan with account issues?	A. AWS Technical Support	B. AWS Billing and Accounts	C. AWS Concierge	D. AWS Technical Account Manager	C	
181. What are two examples of the advantages of cloud computing? (Select TWO.)	A. Increase speed and agility	B. Trade operating costs for capital costs	C. Secure data centers	D. Benefit from massive economies of scale	E. Trade variable expense for capital expense	AD
182. Which of the following is an architectural best practice recommended by AWS?	A. Design for success	B. Design for failure	C. Think servers, not services	D. Use manual operational processes	B	
183. What is the scope of an Amazon Virtual Private Cloud (VPC)?	A. It spans a single CIDR block	B. It spans all Availability Zones within a region	C. It spans multiple subnets	D. It spans all Availability Zones in all regions	B	
184. Which AWS service allows you to automate the evaluation of recorded configurations against desired configuration?	A. AWS OpsWorks	B. AWS Service Catalog	C. AWS CloudFormation	D. AWS Config	D	
185. Which of the options below are recommendations in the reliability pillar of the well-architected framework? (Select TWO.)	A. Test recovery procedures	B. Manually recover from failure	C. Manage change in manual processes	D. Stop guessing about capacity	E. Scale vertically using big systems	AD
186. Which storage type can be mounted using the NFS protocol to many EC2 instances simultaneously?	A. Amazon Instance Store	B. Amazon EBS	C. Amazon S3	D. Amazon EFS	D	
187. Which Amazon RDS deployment type is best used to enable fault tolerance in the event of the failure of an availability zone?	A. Multiple Regions	B. Read Replicas	C. Write Replicas	D. Multiple Availability Zones	D	
188. Which feature of AWS IAM enables you to identify unnecessary permissions that have been assigned to users?	A. Role Advisor	B. Access Advisor	C. Permissions Advisor	D. Group Advisor	B	
189. What types of monitoring can Amazon CloudWatch be used for? (Select TWO.)	A. Infrastructure	B. Data center	C. Operational health	D. API access	E. Application performance	CE
190. Which AWS service enables hybrid cloud storage between on-premises and the AWS Cloud?	A. Amazon S3 Cross Region Replication (CRR)	B. AWS Storage Gateway	C. Amazon Elastic File System (EFS)	D. Amazon CloudFront	B	
191. What does an organization need to do to move to another AWS region?	A. Just start deploying resources in the additional region	B. Create a separate IAM account for that region	C. Apply for another AWS account in that region	D. Submit an application to extend their account to the additional region	A	
192. Which Compute service should be used for running a Linux operating system upon which you will install custom software?	A. Amazon EC2	B. Amazon ECS	C. Amazon EKS	D. AWS Lambda	A	
193. Which of the following need to be included in a total cost of ownership (TCO) analysis? (Select TWO.)	A. IT Manager salary	B. Facility equipment installation	C. Application development	D. Company-wide marketing	E. Data center security costs	BE
194. What does an organization need to do in Amazon IAM to enable user access to services being launched in new region?	A. Nothing, IAM is global	B. Enable global mode in IAM to provision the required access	C. Update the user accounts to allow access from another region	D. Create new user accounts in the new region	A	
195. Which statement is true in relation to data stored within an AWS Region?	A. Data is not replicated outside of a region unless you configure it	B. Data is always replicated to another region	C. Data is automatically archived after 90 days	D. Data is always automatically replicated to at least one other availability zone	A	
196. An organization has multiple AWS accounts and uses a mixture of on-demand and reserved instances. One account has a considerable amount of unused reserved instances. How can the organization reduce their costs? (Select TWO.)	A. Create an AWS Organization configuration linking the accounts	B. Use Spot instances instead	C. Redeem their reserved instances	D. Setup consolidated billing between the accounts	E. Switch to using placement groups	AD
197. Which AWS service can be used to prepare and load data for analytics using an extract, transform and load (ETL) process?	A. AWS Lambda	B. AWS Glue	C. Amazon EMR	D. Amazon Athena	B	
198. Which AWS service can be used to send automated notifications to HTTP endpoints?	A. Amazon SQS	B. Amazon SWF	C. Amazon SNS	D. Amazon SES	C	
199. Which of the following constitute the five pillars for the AWS Well-Architected Framework? (Select TWO.)	A. Operational excellence, security, and reliability	B. Operational excellence, elasticity and scalability	C. Cost prioritization, and cost optimization	D. Data consistency, and cost optimization	E. Performance efficiency, and cost optimization	AE
200. Assuming you have configured them correctly, which AWS services can scale automatically without intervention? (Select TWO.)	A. Amazon RDS	B. Amazon EC2	C. Amazon S3	D. Amazon DynamoDB	E. Amazon EBS	CD
201. Which AWS components aid in the construction of fault-tolerant applications? (Select TWO.)	A. Elastic IP addresses	B. ARNs	C. AMIs	D. Tags	E. Block device mappings	AC
202. A company wants to utilize a pay as you go cloud model for all of their applications without CAPEX costs and which is highly elastic. Which cloud delivery model will suit them best?	A. Public	B. Private	C. Hybrid	D. On-premise	A	
203. Which of the following are advantages of using the AWS cloud computing over legacy IT? (Select TWO.)	A. You are able to pass responsibility for the availability of your application to AWS	B. You don't need to worry about over provisioning as you can elastically scale	C. You don't need to patch your operating systems	D. You can bring new applications to market faster	E. You can bring services closer to your end users	BD
204. Which AWS services form the app-facing services of the AWS serverless infrastructure? (Select TWO.)	A. AWS Step Functions	B. AWS Lambda	C. Amazon API Gateway	D. Amazon DynamoDB	E. Amazon EFS	BC
205. What is the name of the AWS managed Docker registry service used by the Amazon Elastic Container Service (ECS)?	A. Elastic Container Registry	B. ECS Container Registry	C. Docker Container Registry	D. Docker Image Repository	A	
206. What are two benefits of using AWS Lambda? (Select TWO.)	A. No servers to manage	B. Integrated snapshots	C. Continuous scaling (scale out)	D. Flexible operating system choices	E. Open source software	AC
207. With which service can a developer upload code using a ZIP or WAR file and have the service handle the end-to-end deployment of the resources?	A. AWS CodeDeploy	B. AWS Elastic Beanstalk	C. Amazon ECS	D. AWS CodeCommit	B	
208. Which service can you use to monitor, store and access log files generated by EC2 instances and on-premises servers?	A. AWS CloudTrail	B. AWS OpsWorks	C. Amazon CloudWatch Logs	D. Amazon Kinesis	C	
209. What offerings are included in the Amazon Lightsail product set? (Select TWO.)	A. Virtual Private Server	B. NoSQL database	C. Managed MySQL database	D. Object storage	E. Serverless functions	AC
210. Which AWS service is part of the suite of serverless services and runs code as functions?	A. Amazon ECS	B. Amazon EKS	C. AWS Lambda	D. AWS CodeCommit	C	
211. To reward customers for using their services, what are two ways AWS reduce prices? (Select TWO.)	A. Volume based discounts when you use more services	B. Reduction in inbound data transfer charges	C. Reduced cost for reserved capacity	D. Discounts for using a wider variety of services	E. Removal of termination fees for customers who spend more	AC
212. Which type of Amazon RDS automated backup allows you to restore the database with a granularity of as little as 5 minutes?	A. Snapshot backup	B. Full backup	C. Incremental backup	D. Point-in-time recovery	D	
213. Which DynamoDB feature provides in-memory acceleration to tables that result in significant performance improvements?	A. Amazon ElastiCache	B. Amazon DynamoDB Accelerator (DAX)	C. Amazon EFS	D. Amazon CloudFront	B	
214. Which AWS service lets connected devices easily and securely interact with cloud applications and other devices?	A. Amazon Workspaces	B. AWS Directory Service	C. AWS IoT Core	D. AWS Server Migration Service (SMS)	C	
215. Which AWS service enables developers and data scientists to build, train, and deploy machine learning models?	A. Amazon Rekognition	B. Amazon Comprehend	C. Amazon SageMaker	D. Amazon MQ	C	
216. Which service provides alerts and remediation guidance when AWS is experiencing events that may impact you?	A. AWS Trusted Advisor	B. AWS Inspector	C. AWS Personal Health Dashboard	D. AWS Shield	C	
217. What are the primary benefits of using AWS Elastic Load Balancing? (Select TWO.)	A. High availability	B. Elasticity	C. Automation	D. Caching	E. Regional resilience	AB
218. What is an Edge location?	A. A public endpoint for Amazon S3	B. A content delivery network (CDN) endpoint for CloudFront	C. A virtual private gateway for VPN	D. A VPC peering connection endpoint	B	
219. What is the relationship between subnets and availability zones?	A. You can create one or more subnets within each availability zone	B. Subnets span across multiple availability zones	C. You can create one subnet per availability zone	D. Subnets contain one or more availability zones	A	
220. How can you configure Amazon Route 53 to monitor the health and performance of your application?	A. Using DNS lookups	B. Using Route 53 health checks	C. Using the Route 53 API	D. Using CloudWatch	B	
221. A developer needs a way to automatically provision a collection of AWS resources. Which AWS service is primarily used for deploying infrastructure as code?	A. AWS Elastic Beanstalk	B. AWS CloudFormation	C. AWS CodeDeploy	D. Jenkins	B	
222. How can a company connect from their on-premises network to VPCs in multiple regions using private connections?	A. AWS Managed VPN	B. AWS Direct Connect Gateway	C. Amazon CloudFront	D. Inter-Region VPC Peering	B	
223. Which of the following descriptions is incorrect in relation to the design of Availability Zones?	A. AZ’s have direct, low-latency, high throughput and redundant network connections between each other	B. Each AZ is designed as an independent failure zone	C. AZs are physically separated within a typical metropolitan region and are located in lower risk flood plains	D. Each subnet in a VPC is mapped to all AZs in the region	D	
224. When designing a VPC, what is the purpose of an Internet Gateway?	A. Provides Internet access for EC2 instances in private subnets	B. Enables Internet communications for instances in public subnets	C. It's a bastion host for inbound management connections	D. It's used for making VPN connections to a VPC	B	
225. What is the name of the online, self-service portal that AWS provides to enable customers to view reports and, such as PCI reports, and accept agreements?	A. AWS Compliance Portal	B. AWS Documentation Portal	C. AWS Artifact	D. AWS DocuFact	C	
226. What are two correct statements about AWS Organizations with consolidated billing? (Select TWO.)	A. Multiple bills are provided per organization	B. One bill provided for multiple accounts	C. Linked accounts lose their management independence	D. Volume pricing discounts applied across multiple accounts	E. CloudTrail can be configured per organization	BD
227. Which AWS IAM best practice recommends applying the minimum permissions necessary to perform a task when creating IAM policies?	A. Create individual IAM users	B. Use roles to delegate permissions	C. Grant least privilege	D. Enable MFA for privileged users	C	
228. What are the benefits of using IAM roles for applications that run on EC2 instances? (Select TWO.)	A. Easier to configure than using storing access keys within the EC2 instance	B. More secure than storing access keys within applications	C. Can apply multiple roles to a single instance	D. It is easier to manage IAM roles	E. Role credentials are permanent	BD
229. Under the AWS Shared Responsibility Model, which of the following is the customer NOT responsible for?	A. Adding firewall rules to security groups and network ACLs	B. Applying encryption to data stored on an EBS volume	C. Applying bucket policies to share Amazon S3 data	D. Installing firmware updates on host servers	D	
230. Which type of storage stores objects comprised of key, value pairs?	A. Amazon DynamoDB	B. Amazon EBS	C. Amazon EFS	D. Amazon S3	D	
231. Which type of EBS volumes can be encrypted?	A. Non-root volumes only	B. Both non-root and root volumes	C. Only non-root volumes created from snapshots	D. Only root volumes can have encryption applied at launch time	B	
232. What feature of Amazon S3 enables you to set rules to automatically transfer objects between different storage classes at defined time intervals?	A. Elastic Data Management	B. Object Lifecycle Management	C. Auto Lifecycle Scaling	D. S3 Archiving	B	
233. What charges are applicable to Amazon S3 Standard storage class? (Select TWO.)	A. Per GB/month storage fee	B. Retrieval fee	C. Minimum capacity charge per object	D. Data ingress	E. Data egress	AE
234. How can a company protect their Amazon S3 data from a regional disaster?	A. Archive to Amazon Glacier	B. Use Cross-Region Replication (CRR) to copy to another region	C. Use lifecycle actions to move to another S3 storage class	D. Enable Multi-Factor Authentication (MFA) delete	B	
235. Which AWS support plan provides email only support by Cloud Support Associates?	A. Basic	B. Developer	C. Business	D. Enterprise	B	
236. Which support plan is the lowest cost option that allows unlimited cases to be open?	A. Basic	B. Developer	C. Business	D. Enterprise	B	
237. Which service allows an organization to bring their own licensing on host hardware that is physically isolated from other AWS accounts?	A. EC2 Dedicated Instances	B. EC2 Spot Instances	C. EC2 Dedicated Hosts	D. EC2 Reserved Instances	C	
238. Which of the below is an example of optimizing for cost?	A. Choosing the fastest EC2 instance to ensure performance	B. Provision extra capacity to allow for growth	C. Replace an EC2 compute instance with AWS Lambda	D. Deploy resources with AWS CloudFormation	C	
239. Which service is used for caching data?	A. Amazon Simple Queue Service (SQS)	B. Amazon DynamoDB DAX	C. AWS Key Management Service (KMS)	D. Amazon Elastic File System (EFS)	B	
240. Which service is used introduce fault tolerance into an application architecture?	A. Amazon CloudFront	B. Amazon ElastiCache	C. Amazon Elastic Load Balancing	D. Amazon DynamoDB	C	
241. Which tools can you use to manage identities in IAM? (choose 2)	A. Amazon CloudWatch API	B. AWS Management Console	C. AWS Command Line Tools	D. EC2 Management Console	E. EC2 Management Console	BC
242. Which of the following would be good reasons to move from on-premises to the AWS Cloud? (Select TWO.)	A. Gain access to free technical support services	B. Reduce costs through easier right-sizing of workloads	C. Improve agility and elasticity	D. Gain end-to-end operational management of the entire infrastructure stack	E. Outsource all security responsibility	BC
243. Which service runs your application code only when needed without needing to run servers?	A. Amazon EC2	B. Amazon ECS	C. AWS Lambda	D. AWS LightSail	C	
244. Which AWS feature of Amazon EC2 allows an administrator to create a standardized image that can be used for launching new instances?	A. Amazon Golden Image	B. Amazon Block Template	C. Amazon Machine Image	D. Amazon EBS Mount Point	C	
245. What information must be entered into the AWS TCO Calculator?	A. The number of end users in your company	B. The number of applications in your company	C. The number of storage systems in your company	D. The number of servers in your company	D	
246. An Elastic IP Address can be remapped between EC2 instances across which boundaries?	A. Regions	B. Edge Locations	C. Availability Zones	D. DB Subnets	C	
247. Which AWS service can assist with providing recommended actions on cost optimization?	A. AWS Inspector	B. AWS Trusted Advisor	C. AWS Artifact	D. Amazon CloudWatch Events	B	
248. How can an online education company ensure their video courses play with minimal latency for their users around the world?	A. Use Amazon S3 Transfer Acceleration to speed up downloads	B. Use Amazon EBS Cross Region Replication to get the content close to the users	C. Use Amazon Aurora Global Database	D. Use Amazon CloudFront to get the content closer to users	D	
249. Which AWS security service provides a firewall at the subnet level within a VPC?	A. Security Group	B. IAM Policy	C. Bucket Policy	D. Network Access Control List	D	
250. Which services allow you to store files on AWS? (Select TWO.)	A. AWS Lambda	B. Amazon LightSail	C. Amazon EBS	D. Amazon EFS	E. Amazon SQS	CD
251. Which AWS program can help an organization to design, build, and manage their workloads on AWS?	A. APN Consulting Partners	B. APN Technology Consultants	C. AWS Business Development Manager	D. AWS Technical Account Manager	A	
252. Which of the following statements is correct about Amazon S3 cross-region replication?	A. Both source and destination S3 buckets must have versioning disabled	B. The source and destination S3 buckets cannot be in different AWS Regions	C. S3 buckets conﬁgured for cross-region replication can be owned by a single AWS account or by different accounts	D. The source S3 bucket owner must have the source and destination AWS Regions disabled for their account	C	
253. Which of the following Amazon EC2 pricing models allows customers to use existing server-bound software licenses?	A. Spot Instances	B. Reserved Instances	C. Dedicated Hosts	D. On-Demand Instances	C	
254. A company has deployed several relational databases on Amazon RDS. Every month, the database software vendor releases new security patches that need to be applied to the database. What is the MOST efficient way to apply the security patches?	A. Connect to each database instance on a monthly basis, and download and apply the necessary security patches from the vendor	B. Enable automatic patching for the instances using the Amazon RDS console	C. In AWS Config, conﬁgure a rule for the instances and the required patch level	D. Use AWS Systems Manager to automate database patching according to a schedule	B	
255. A Cloud Practitioner needs to rapidly deploy a popular IT solution and start using it immediately. What should the Cloud Practitioner use?	A. AWS Well-Architected Framework documentation	B. Amazon CloudFront	C. AWS Elastic Beanstalk	D. AWS Quick Start reference deployments	D	
256. A cloud practitioner needs to decrease application latency and increase performance for globally distributed users. Which services can assist? (Select TWO.)	A. Amazon ECS	B. Amazon S3	C. Amazon AppStream 2.0	D. Amazon ElastiCache	E. Amazon CloudFront	BE
257. A company needs protection from distributed denial of service (DDoS) attacks on its website and assistance from AWS experts during such events. Which AWS managed service will meet these requirements?	A. AWS Firewall Manager	B. AWS Web Application Firewall	C. Amazon GuardDuty	E. AWS Shield Advanced	A	
258. Which of the following must be used together to gain programmatic access to an AWS account? (Select TWO.)	A. An access key ID	B. A primary key	C. A secret access key	D. A user ID	E. A secondary key	AC
259. An application that is deployed across multiple Availability Zones could be described as:	A. Being highly available	B. Having global reach	C. Being secure	D. Having elasticity	A	
260. A Cloud Practitioner is developing a disaster recovery plan and intends to replicate data between multiple geographic areas. Which of the following meets these requirements?	A. AWS Accounts	B. AWS Regions	C. Availability Zones	D. Edge locations	B	
261. A user deploys an Amazon Aurora database instance in multiple Availability Zones. This strategy involves which pillar of the AWS Well-Architected Framework?	A. Performance efﬁciency	B. Reliability	C. Cost optimization	D. Security	B	
262. The AWS Cost Management tools give users the ability to do which of the following? (Select TWO.)	A. Terminate all AWS resources automatically if budget thresholds are exceeded	B. Break down AWS costs by day, service, and linked AWS account	C. Create budgets and receive notiﬁcations if current or forecasted usage exceeds the budgets	D. Switch automatically to Reserved Instances or Spot Instances, whichever is most cost-effective	E. Move data stored in Amazon S3 to a more cost-effective storage class	BC
263. Which AWS service or feature helps restrict the AWS service, resources, and individual API actions the users and roles in each member account can access?	A. Amazon Cognito	B. AWS Organizations	C. AWS Shield	D. AWS Firewall Manager	B	
264. Under the shared responsibility model, which of the following tasks are the responsibility of the AWS customer? (Select TWO.)	A. Ensuring that application data is encrypted at rest	B. Ensuring that AWS NTP servers are set to the correct time	C. Ensuring that users have received security training in the use of AWS services	D. Ensuring that access to data centers is restricted	E. Ensuring that hardware is disposed of properly	AC
265. Under the AWS shared responsibility model, which of the following are customer responsibilities? (Select TWO.)	A. Setting up server-side encryption on an Amazon S3 bucket	B. Amazon RDS instance patching	C. Network and ﬁrewall conﬁgurations	D. Physical security of data center facilities	E. Compute capacity availability	AC
266. A web application running on AWS has been received malicious requests from the same set of IP addresses. Which AWS service can help secure the application and block the malicious trafﬁc?	A. AWS IAM	B. Amazon GuardDuty	C. Amazon SNS	D. AWS WAF	D	
267. Which AWS service provides the ability to detect inadvertent data leaks of personally identiﬁable information (PII) and user credential data?	A. Amazon GuardDuty	B. Amazon Inspector	C. Amazon Macie	D. AWS Shield	C	
268. According to the AWS Well-Architected Framework, what change management steps should be taken to achieve reliability in the AWS Cloud? (Select TWO.)	A. Use AWS Conﬁg to generate an inventory of AWS resources	B. Use service limits to prevent users from creating or making changes to AWS resources	C. Use AWS CloudTrail to record AWS API calls into an auditable log ﬁle	D. Use AWS Certiﬁcate Manager to create a catalog of approved services	E. Use Amazon GuardDuty to record API activity to an S3 bucket	AC
269. Which of the following acts as a virtual ﬁrewall at the Amazon EC2 instance level to control traffic for one or more instances?	A. Route table	B. Virtual private gateways (VPG)	C. Security groups	D. Network Access Control Lists (ACL)	C	
270. Which AWS Cloud design principles can help increase reliability? (Select TWO.)	A. Using monolithic architecture	B. Measuring overall efﬁciency	C. Testing recovery procedures	D. Adopting a consumption model	E. Automatically recovering from failure	CE
271. Which pricing model will interrupt a running Amazon EC2 instance if capacity becomes temporarily unavailable?	A. On-Demand Instances	B. Standard Reserved Instances	C. Spot Instances	D. Convertible Reserved Instances	C	
272. Which of the following statements about AWS’s pay-as-you-go pricing model is correct?	A. It results in reduced capital expenditures	B. It requires payment up front for AWS services	C. It is relevant only for Amazon EC2, Amazon S3, and Amazon DynamoDB	D. It reduces operational expenditures	A	
273. Which AWS service can serve a static website?	A. Amazon S3	B. Amazon Route 53	C. Amazon QuickSight	D. AWS X-Ray	A	
274. A startup eCommerce company needs to quickly deliver new website features in an iterative manner, minimizing the time to market. Which AWS Cloud feature allows this?	A. Elasticity	B. High availability	C. Agility	D. Reliability	C	
275. What is the most efﬁcient way to establish network connectivity from on-premises to multiple VPCs in different AWS Regions?	A. Use AWS Direct Connect	B. Use AWS VPN	C. Use AWS Client VPN	D. Use an AWS Transit Gateway	D	
276. A company is using the AWS CLI and programmatic access of AWS resources from its on-premises network. What is a mandatory requirement in this scenario?	A. Using an AWS Direct Connect connection	B. Using an AWS access key and a secret key	C. Using Amazon API Gateway	D. Using an Amazon EC2 key pair	B	
277. Which AWS service is suitable for an event-driven workload?	A. Amazon EC2	B. AWS Elastic Beanstalk	C. AWS Lambda	D. Amazon Lumberyard	C	
278. Based on the shared responsibility model, which of the following security and compliance tasks is AWS responsible for?	A. Granting access to individuals and services	B. Encrypting data in transit	C. Updating Amazon EC2 host firmware	D. Updating operating systems	C	
279. Which AWS service can be used to run Docker containers?	A. AWS Lambda	B. Amazon ECR	C. AWS Fargate	D. Amazon AMI	C	
280. Which type of Elastic Load Balancer operates at the TCP connection level?	A. Application Load Balancer (ALB)	B. Network Load Balancer (NLB)	C. Classic Load Balancer (CLB)	D. Amazon Route 53 Load Balancer	B	
281. Which AWS technology can be referred to as a “virtual hard disk in the cloud”?	A. Amazon EFS Filesystem	B. Amazon S3 Bucket	C. Amazon EBS volume	D. Amazon ENI	C	
282. In which ways does AWS’ pricing model benefit organizations?	A. Eliminates licensing costs	B. Focus spend on capital expenditure, rather than operational expenditure	C. Reduce the cost of maintaining idle resources	D. Reduces the people cost of application development	C	
283. Which service allows you to monitor and troubleshoot systems using system and application log files generated by those systems?	A. CloudTrail Logs	B. CloudWatch Metrics	C. CloudWatch Logs	D. CloudTrail Metrics	C	
284. According to the AWS Shared Responsibility Model, which of the following is a shared control?	A. Operating system patching	B. Awareness and training	C. Protection of infrastructure	D. Client-side data encryption	B	
285. Where do Amazon Identity and Access Management (IAM) accounts need to be created for a global organization?	A. In each region where the users are located	B. Just create them once, as IAM is a global service	C. Create them globally, and then replicate them regionally	D. In each geographical area where the users are located	B	
286. What is the name for the top-level container used to hold objects within Amazon S3? © 2024 Digital Cloud Training 272	A. Folder	B. Directory	C. Instance Store	D. Bucket	D	
287. Which of the following are examples of horizontal scaling? (Select TWO.)	A. Add more CPU/RAM to existing instances as demand increases	B. Add more instances as demand increases	C. Requires a restart to scale up or down	D. Automatic scaling using services such as AWS Auto Scaling	E. Scalability is limited by maximum instance size	BD
288. Which resource should you use to access AWS security and compliance reports?	A. AWS Artifact	B. AWS Business Associate Addendum (BAA)	C. AWS IAM	D. AWS Organizations	A	
289. What methods are available for scaling an Amazon RDS database? (Select TWO.)	A. You can scale up by moving to a larger instance size	B. You can scale out automatically with EC2 Auto Scaling	C. You can scale up by increasing storage capacity	D. You can scale out by implementing Elastic Load Balancing	E. You can scale up automatically using AWS Auto Scaling	AC
290. Which type of scaling does Amazon EC2 Auto Scaling provide?	A. Vertical	B. Linear	C. Horizontal	D. Incremental	C	
291. Which feature of Amazon S3 enables you to create rules to control the transfer of objects between different storage classes?	A. Object sharing	B. Versioning	C. Lifecycle management	D. Bucket policies	C	
292. How can a database administrator reduce operational overhead for a MySQL database?	A. Migrate the database onto an EC2 instance	B. Migrate the database onto AWS Lambda	C. Use AWS CloudFormation to manage operations	D. Migrate the database onto an Amazon RDS instance	D	
293. Which AWS database service is schema-less and can be scaled dynamically without incurring downtime?	A. Amazon RDS	B. Amazon Aurora	C. Amazon RedShift	D. Amazon DynamoDB	D	
294. Which type of AWS database is ideally suited to analytics using SQL queries?	A. Amazon DynamoDB	B. Amazon RedShift	C. Amazon RDS	D. Amazon S3	B	
295. Which AWS service is designed to be used for operational analytics?	A. Amazon EMR	B. Amazon Athena	C. Amazon QuickSight	D. Amazon Elasticsearch Service	D	
296. You need to connect your company’s on-premise network into AWS and would like to establish an AWS managed VPN service. Which of the following configuration items needs to be setup on the Amazon VPC side of the connection?	A. A Virtual Private Gateway	B. A Customer Gateway	C. A Network Address Translation device	D. A Firewall	A	
297. Where are Amazon EBS snapshots stored?	A. On an Amazon EBS instance store	B. On an Amazon EFS filesystem	C. Within the EBS block store	D. On Amazon S3	D	
298. Which AWS service makes it easy to coordinate the components of distributed applications as a series of steps in a visual workflow?	A. Amazon SWF	B. AWS Step Functions	C. Amazon SNS	D. Amazon SES	B	
299. A Cloud Practitioner is creating the business process workflows associated with an order fulfilment system. Which AWS service can assist with coordinating tasks across distributed application components?	A. AWS STS	B. Amazon SQS	C. Amazon SWF	D. Amazon SNS	C	
300. Your manager has asked you to explain some of the security features available in the AWS cloud. How can you describe the function of Amazon CloudHSM?	A. It provides server-side encryption for S3 objects	B. It is a Public Key Infrastructure (PKI)	C. It can be used to generate, use and manage encryption keys in the cloud	D. It is a firewall for use with web applications	C	
301. Which AWS Glacier data access option retrieves data from an archive in 1-5 minutes?	A. Standard	B. Express	C. Accelerated	D. Expedited	D	
302. How can a systems administrator specify a script to be run on an EC2 instance during launch?	A. Metadata	B. User Data	C. Run Command	D. AWS Config	B	
303. What advantages does the AWS cloud provide in relation to cost? (Select TWO.)	A. Fine-grained billing	B. One-off payments for on-demand resources	C. Ability to turn off resources and not pay for them	D. Enterprise licensing discounts	E. Itemized power costs	AC
304. Which of the authentication options below can be used to authenticate using AWS APIs? (Select TWO.)	A. Key pairs	B. Access keys	C. Server passwords	D. Security groups	E. Server certificates	BE
305. Under the AWS Shared Responsibility Model, who is responsible for what? (Select TWO.)	A. Customers are responsible for compute infrastructure	B. AWS are responsible for network and firewall configuration	C. Customers are responsible for networking traffic protection	D. AWS are responsible for networking infrastructure	E. Customers are responsible for edge locations	CD
306. Which HTTP code indicates a successful upload of an object to Amazon S3?	A. 200	B. 300	C. 400	D. 500	A	
307. Which AWS support plans provide 24×7 access to customer service?	A. Basic	B. Business	C. Developer	D. All plans	D	
308. Which of the following are NOT features of AWS IAM? (Select TWO.)	A. Shared access to your AWS account	B. Logon using local user accounts	C. Identity federation	D. PCI DSS compliance	E. Charged for what you use	BE
309. How can a company facilitate the sharing of data over private connections between two accounts they own within a region?	A. Create an internal ELB	B. Create a subnet peering connection	C. Create a VPC peering connection	D. Configure matching CIDR address ranges	C	
310. How can you deploy your EC2 instances so that if a single data center fails you still have instances available?	A. Across regions	B. Across subnets	C. Across Availability Zones	D. Across VPCs	C	
311. Your manager has asked you to explain the benefits of using IAM groups. Which of the below statements are valid benefits? © 2024 Digital Cloud Training 286 (Select TWO.)	A. You can restrict access to the subnets in your VPC	B. Groups let you specify permissions for multiple users, which can make it easier to manage the permissions for those users	C. Provide the ability to create custom permission policies	D. Enables you to attach IAM permission policies to more than one user at a time	E. Provide the ability to nest groups to create an organizational hierarchy	BD
312. Which of the following are pillars from the five pillars of the AWS Well-Architected Framework? (Select TWO.)	A. Resilience	B. Operational excellence	C. Confidentiality	D. Economics	E. Performance efficiency	BE
313. What do you need to log into the AWS console?	A. User name and password	B. Key pair	C. Access key and secret ID	D. Certificate	A	
314. What are the advantages of running a database service such as Amazon RDS in the cloud versus deploying on-premise? (Select TWO.)	A. You have full control of the operating system and can install your own operational tools	B. Scalability is improved as it is quicker to implement and there is an abundance of capacity	C. You can use any database software you like, allowing greater flexibility	D. High availability is easier to implement due to built-in functionality for deploying read replicas and multi-AZ	E. There are no costs for replicating data between DBs in different data centers or regions	BD
315. Which of the statements below does NOT characterize cloud computing?	A. Cloud computing is the on-demand delivery of compute power	B. With cloud computing you get to benefit from massive economies of scale	C. Cloud computing allows you to swap variable expense for capital expense	D. With cloud computing you can increase your speed and agility	C	
316. Which AWS technology enables you to group resources that share one or more tags?	A. Tag groups	B. Organization groups	C. Resource groups	D. Consolidation groups	C	
317. What is the easiest way to store a backup of an EBS volume on Amazon S3?	A. Write a custom script to copy the data into a bucket	B. Use S3 lifecycle actions to backup the volume	C. Create a snapshot of the volume	D. Use Amazon Kinesis to process the data and store the results in S3	C	
318. Which AWS security tool uses an agent installed in EC2 instances and assesses applications for vulnerabilities and deviations from best practices?	A. AWS Trusted Advisor	B. AWS Personal Health Dashboard	C. AWS TCO Calculator	D. AWS Inspector	D	
319. Which of the following is NOT a best practice for protecting the root user of an AWS account?	A. Don’t share the root user credentials	B. Enable MFA	C. Remove administrative permissions	D. Lock away the AWS root user access keys	C	
320. You are evaluating AWS services that can assist with creating scalable application environments. Which of the statements below best describes the Elastic Load Balancer service?	A. Helps you ensure that you have the correct number of Amazon EC2 instances available to handle the load for your application	B. A highly available and scalable Domain Name System (DNS) service	C. Automatically distributes incoming application traffic across multiple targets, such as Amazon EC2 instances, containers, and IP addresses	D. A network service that provides an alternative to using the Internet to connect customers’ on-premise sites to AWS	C	
321. What is an example of scaling vertically?	A. AWS Auto Scaling adding more EC2 instances	B. AWS Lambda adding concurrently executing functions	C. Increasing the instance size with Amazon RDS	D. Adding read replicas to an Amazon RDS database	C	
322. To reduce cost, which of the following services support reservations? (Select TWO.)	A. Amazon ElastiCache	B. Amazon CloudFormation	C. Amazon RedShift	D. AWS Elastic Beanstalk	E. Amazon S3	AC
323. What type of cloud computing service type do AWS Elastic Beanstalk and Amazon RDS correspond to? © 2024 Digital Cloud Training 292	A. IaaS	B. PaaS	C. SaaS	D. Hybrid	B	
324. How can a company configure automatic, asynchronous copying of objects in Amazon S3 buckets across regions?	A. This is done by default by AWS	B. By configuring multi-master replication	C. Using cross-region replication	D. Using lifecycle actions	C	
325. Your company has recently migrated to AWS. How can your CTO monitor the organization’s costs?	A. AWS Cost Explorer	B. AWS CloudTrail	C. AWS Consolidated Billing	D. AWS Simple Monthly calculator	A	
326. Your organization has offices around the world and some employees travel between offices. How should their accounts be setup?	A. IAM is a global service, just create the users in one place	B. Create a separate account in IAM within each region in which they will travel	C. Set the user account as a “global” account when created	D. Enable MFA for the accounts	A	
